"ChEMBL ID";"Name";"Synonyms";"Type";"Max Phase";"Molecular Weight";"Targets";"Bioactivities";"AlogP";"Polar Surface Area";"HBA";"HBD";"#RO5 Violations";"#Rotatable Bonds";"Passes Ro3";"QED Weighted";"CX Acidic pKa";"CX Basic pKa";"CX LogP";"CX LogD";"Aromatic Rings";"Structure Type";"Inorganic Flag";"Heavy Atoms";"HBA (Lipinski)";"HBD (Lipinski)";"#RO5 Violations (Lipinski)";"Molecular Weight (Monoisotopic)";"Molecular Species";"Molecular Formula";"Smiles"
"CHEMBL3707238";"HEMATIN";"HEMIN";"Small molecule";"0";"633.51";"";"";"None";"None";"None";"None";"None";"None";"None";"None";"None";"None";"None";"None";"None";"NONE";"0";"None";"None";"None";"None";"633.1800";"None";"C34H33FeN4O5";""
"CHEMBL2106441";"NOXYTIOLIN";"NOXYFLEX|NOXYFLEX 100|NOXYFLEX-S|NOXYFLEX-S 100|NOXYTHIOLIN|NOXYTIOLIN";"Small molecule";"4";"120.18";"";"";"-0.97";"44.29";"2";"3";"0";"1";"Y";"0.31";"13.86";"None";"-0.61";"-0.61";"0";"MOL";"0";"7";"3";"3";"0";"120.0357";"NEUTRAL";"C3H8N2OS";"CNC(=S)NCO"
"CHEMBL1200679";"ZINC CHLORIDE";"ZINC CHLORIDE";"Small molecule";"4";"136.30";"109";"271";"None";"None";"None";"None";"None";"None";"None";"None";"None";"None";"None";"None";"None";"MOL";"1";"None";"None";"None";"None";"133.8668";"None";"Cl2Zn";"[Cl-].[Cl-].[Zn+2]"
"CHEMBL3989627";"MAGNESIUM PHOSPHATE";"MAGNESIUM PHOSPHATE";"Small molecule";"0";"352.93";"";"";"None";"None";"None";"None";"None";"None";"None";"None";"None";"None";"None";"None";"None";"MOL";"1";"None";"None";"None";"None";"261.8620";"None";"H10Mg3O13P2";"O.O.O.O.O.O=P([O-])([O-])[O-].O=P([O-])([O-])[O-].[Mg+2].[Mg+2].[Mg+2]"
"CHEMBL3039567";"SODIUM GLYCEROPHOSPHATE";"SODIUM GLYCEROPHOSPHATE";"Small molecule";"4";"234.05";"";"";"None";"None";"None";"None";"None";"None";"None";"None";"None";"None";"None";"None";"None";"MOL";"0";"None";"None";"None";"None";"215.9776";"None";"C3H9Na2O7P";"O.O=P(O)(O)OCC([O-])C[O-].[Na+].[Na+]"
"CHEMBL494";"ILOPROST";"CILOPROST|ILOPROST|Ventavis|ZK 00036374|ZK-00036374|ZK-36374";"Small molecule";"4";"360.49";"23";"89";"3.54";"77.76";"3";"3";"0";"8";"N";"0.35";"4.66";"None";"3.56";"0.89";"0";"MOL";"0";"26";"4";"3";"0";"360.2301";"ACID";"C22H32O4";"CC#CCC(C)[C@H](O)/C=C/[C@@H]1[C@H]2C/C(=C/CCCC(=O)O)C[C@H]2C[C@H]1O"
"CHEMBL1060";"SODIUM PHOSPHATE";"E-339(II)|FEMA NO. 2398|INS NO.339(II)|INS-339(II)|NEUTRAL SOD PHOS|SODIUM PHOSPHATE|SODIUM PHOSPHATE DIBASIC|SODIUM PHOSPHATE, DIBASIC ANHYDROUS|SODIUM PHOSPHATE, DIBASIC, ANHYDROUS";"Small molecule";"4";"141.96";"12";"24";"None";"None";"None";"None";"None";"None";"None";"None";"None";"None";"None";"None";"None";"MOL";"1";"None";"None";"None";"None";"141.9408";"None";"HNa2O4P";"O=P([O-])([O-])O.[Na+].[Na+]"
"CHEMBL711";"PHENINDIONE";"DINDEVAN|Hedulin|NSC-41693|PHENINDIONE|PHENYLINDANEDIONE|Phenindione";"Small molecule";"4";"222.24";"142";"576";"2.85";"34.14";"2";"0";"0";"1";"Y";"0.70";"4.92";"None";"2.88";"0.48";"2";"MOL";"0";"17";"2";"0";"0";"222.0681";"ACID";"C15H10O2";"O=C1c2ccccc2C(=O)C1c1ccccc1"
"CHEMBL25";"ASPIRIN";"8-HOUR BAYER|ACETYLSALIC ACID|ACETYLSALICYLIC ACID|ALKA RAPID|ANADIN ALL NIGHT|ANGETTES 75|ASPIRIN|ASPRO CLR|Acetosalic Acid|Acetylsalicylic Acid|Aspirin|BAY1019036|BAYER EXTRA STRENGTH ASPIRIN FOR MIGRAINE PAIN|DANAMEP|DISPRIN CV|DISPRIN DIRECT|DURLAZA|ENPRIN|Ecotrin|Equi-Prin|GENCARDIA|LEVIUS|MAX STRGH ASPRO CLR|MEASURIN|MICROPIRIN EC|NSC-27223|NSC-406186|NU-SEALS 300|NU-SEALS 600|NU-SEALS 75|NU-SEALS CARDIO 75|PAYNOCIL|PLATET|PLATET 300|POSTMI 300|POSTMI 75|Salicylic Acid Acetate|VAZALORE";"Small molecule";"4";"180.16";"299";"3798";"1.31";"63.60";"3";"1";"0";"2";"N";"0.55";"3.41";"None";"1.24";"-2.16";"1";"MOL";"0";"13";"4";"1";"0";"180.0423";"ACID";"C9H8O4";"CC(=O)Oc1ccccc1C(=O)O"
"CHEMBL1413199";"DIPHENADIONE";"DIPHENADIONE|DIPHENYLACETYLINDANDIONE";"Small molecule";"0";"340.38";"25";"65";"4.08";"51.21";"3";"0";"0";"4";"N";"0.67";"4.39";"None";"4.78";"2.73";"3";"MOL";"0";"26";"3";"0";"0";"340.1099";"ACID";"C23H16O3";"O=C1c2ccccc2C(=O)C1C(=O)C(c1ccccc1)c1ccccc1"
"CHEMBL1200664";"POTASSIUM LACTATE";"E326|POTASSIUM LACTATE|Potassium lactate";"Small molecule";"4";"128.17";"26";"26";"None";"None";"None";"None";"None";"None";"None";"None";"None";"None";"None";"None";"None";"MOL";"0";"None";"None";"None";"None";"127.9876";"None";"C3H5KO3";"CC(O)C(=O)[O-].[K+]"
"CHEMBL1231821";"HYDROCHLORIC ACID";"E507|HYDROCHLORIC ACID";"Small molecule";"0";"36.46";"15";"59";"0.42";"0.00";"0";"0";"0";"0";"Y";"0.37";"-7.00";"None";"0.61";"0.83";"0";"MOL";"0";"1";"0";"0";"0";"35.9767";"ACID";"HCl";"Cl"
"CHEMBL1200925";"POTASSIUM PHOSPHATE, MONOBASIC";"MONOBASIC POTASSIUM PHOSPHATE|POT DIHYDROGEN PHOS|POTASSIUM PHOSPHATE, MONOBASIC";"Small molecule";"4";"136.08";"1";"3";"None";"None";"None";"None";"None";"None";"None";"None";"None";"None";"None";"None";"None";"MOL";"1";"None";"None";"None";"None";"135.9328";"None";"H2KO4P";"O=P([O-])(O)O.[K+]"
"CHEMBL305906";"CETYLPYRIDINIUM";"CETYLPYRIDINIUM";"Small molecule";"4";"304.54";"8";"11";"6.46";"3.88";"0";"0";"1";"15";"N";"0.26";"None";"None";"3.47";"3.47";"1";"MOL";"0";"22";"1";"0";"1";"304.2999";"NEUTRAL";"C21H38N+";"CCCCCCCCCCCCCCCC[n+]1ccccc1"
"CHEMBL1201058";"POTASSIUM ACETATE";"E261|POTASSIUM ACETATE";"Small molecule";"4";"98.14";"";"";"None";"None";"None";"None";"None";"None";"None";"None";"None";"None";"None";"None";"None";"MOL";"0";"None";"None";"None";"None";"97.9770";"None";"C2H3KO2";"CC(=O)[O-].[K+]"
"CHEMBL2105420";"TAUROLIDINE";"TAUROLIDINE|W-3100M";"Small molecule";"4";"284.36";"2";"3";"-2.67";"98.82";"6";"2";"0";"2";"N";"0.57";"10.53";"1.97";"-2.47";"-2.47";"0";"MOL";"0";"17";"8";"2";"0";"284.0613";"NEUTRAL";"C7H16N4O4S2";"O=S1(=O)CCN(CN2CCS(=O)(=O)NC2)CN1"
"CHEMBL3989751";"NEOMYCIN";"NEOMYCIN";"Small molecule";"4";"";"";"";"";"";"";"";"";"";"";"";"";"";"";"";"";"NONE";"0";"";"";"";"";"";"";"";""
"CHEMBL3707336";"FERROUS CARBONATE";"FERROUS CARBONATE";"Small molecule";"0";"115.85";"";"";"None";"None";"None";"None";"None";"None";"None";"None";"None";"None";"None";"None";"None";"NONE";"0";"None";"None";"None";"None";"115.9197";"None";"CFeO3";""
"CHEMBL2107831";"LUSUTROMBOPAG";"LUSUTROMBOPAG|MULPLETA|RSC888711|S-888711";"Small molecule";"4";"591.56";"5";"5";"8.52";"97.75";"6";"2";"2";"13";"N";"0.15";"3.02";"None";"8.56";"5.08";"3";"MOL";"0";"39";"7";"2";"2";"590.1409";"ACID";"C29H32Cl2N2O5S";"CCCCCCO[C@@H](C)c1cccc(-c2csc(NC(=O)c3cc(Cl)c(/C=C(\C)C(=O)O)c(Cl)c3)n2)c1OC"
"CHEMBL1201772";"PRASUGREL";"EFIENT|LY-640315|PRASUGREL";"Small molecule";"4";"373.45";"10";"37";"3.89";"46.61";"5";"0";"0";"5";"N";"0.75";"None";"5.12";"4.31";"4.30";"2";"MOL";"0";"26";"4";"0";"0";"373.1148";"NEUTRAL";"C20H20FNO3S";"CC(=O)Oc1cc2c(s1)CCN(C(C(=O)C1CC1)c1ccccc1F)C2"
"CHEMBL3183704";"FERROUS CHLORIDE";"FERROUS CHLORIDE";"Small molecule";"0";"126.75";"";"";"None";"None";"None";"None";"None";"None";"None";"None";"None";"None";"None";"None";"None";"NONE";"1";"None";"None";"None";"None";"125.8726";"None";"Cl2Fe";""
"CHEMBL916";"TIROFIBAN";"Aggrastat|L-700462|MK-383|TIROFIBAN|Tirofiban";"Small molecule";"4";"440.61";"19";"88";"2.95";"104.73";"5";"3";"0";"14";"N";"0.38";"3.17";"10.21";"0.60";"0.60";"1";"MOL";"0";"30";"7";"3";"0";"440.2345";"ZWITTERION";"C22H36N2O5S";"CCCCS(=O)(=O)N[C@@H](Cc1ccc(OCCCCC2CCNCC2)cc1)C(=O)O"
"CHEMBL231779";"APIXABAN";"APIXABAN|BMS-562247|BMS-562247-01|ELIQUIS";"Small molecule";"4";"459.51";"23";"132";"2.70";"110.76";"6";"1";"0";"5";"N";"0.63";"13.07";"None";"1.83";"1.83";"3";"MOL";"0";"34";"9";"2";"0";"459.1907";"NEUTRAL";"C25H25N5O4";"COc1ccc(-n2nc(C(N)=O)c3c2C(=O)N(c2ccc(N4CCCCC4=O)cc2)CC3)cc1"
"CHEMBL3707285";"FERRIC HYDROXIDE";"FERRIC HYDROXIDE";"Small molecule";"2";"106.87";"";"";"None";"None";"None";"None";"None";"None";"None";"None";"None";"None";"None";"None";"None";"NONE";"1";"None";"None";"None";"None";"106.9432";"None";"H3FeO3";""
"CHEMBL3833303";"FERROUS GLUCONATE";"E-579|FERROUS GLUCONATE|FERROUS GLUCONATE DIHYDRATE|Fergon|INS NO.579|INS-579|SIDEROMAL";"Small molecule";"4";"464.15";"";"";"None";"None";"None";"None";"None";"None";"None";"None";"None";"None";"None";"None";"None";"NONE";"0";"None";"None";"None";"None";"446.0359";"None";"C12H24FeO15";""
"CHEMBL238804";"SELEXIPAG";"ACT-293987|NS-304|SELEXIPAG|UPTRAVI";"Small molecule";"4";"496.63";"11";"34";"3.90";"101.49";"7";"1";"0";"12";"N";"0.38";"3.77";"1.41";"3.76";"2.82";"3";"MOL";"0";"35";"8";"1";"0";"496.2144";"ACID";"C26H32N4O4S";"CC(C)N(CCCCOCC(=O)NS(C)(=O)=O)c1cnc(-c2ccccc2)c(-c2ccccc2)n1"
"CHEMBL1705709";"SODIUM FEREDETATE";"SODIUM FEREDETATE|SODIUM IRONEDETATE|SYTRON";"Small molecule";"4";"367.05";"6";"12";"None";"None";"None";"None";"None";"None";"None";"None";"None";"None";"None";"None";"None";"NONE";"0";"None";"None";"None";"None";"366.9841";"None";"C10H12FeN2NaO8";""
"CHEMBL2103996";"ADRENALONE";"ADRENALONE|ADRENONE";"Small molecule";"0";"181.19";"9";"16";"0.50";"69.56";"4";"3";"0";"3";"N";"0.47";"7.50";"8.24";"-0.18";"-0.28";"1";"MOL";"0";"13";"4";"3";"0";"181.0739";"NEUTRAL";"C9H11NO3";"CNCC(=O)c1ccc(O)c(O)c1"
"CHEMBL328875";"AMINOMETHYLBENZOIC ACID";"4-(Aminomethyl)Benzoic Acid|4-Aminomethyl-Benzoic Acid|AMINOMETHYLBENZOIC ACID";"Small molecule";"0";"151.16";"63";"63";"0.84";"63.32";"2";"2";"0";"2";"N";"0.66";"3.87";"9.32";"-1.51";"-1.51";"1";"MOL";"0";"11";"3";"3";"0";"151.0633";"ZWITTERION";"C8H9NO2";"NCc1ccc(C(=O)O)cc1"
"CHEMBL1514715";"ETHAMSYLATE";"DICYNENE|DICYNENE 1000|DICYNONE|E 141|E-141|ETAMSILATE|ETAMSYLATE|ETHAMSYLATE|MD 141|MD-141";"Small molecule";"4";"263.31";"13";"17";"0.34";"94.83";"4";"3";"0";"1";"N";"0.44";"-2.78";"None";"1.20";"-1.18";"1";"MOL";"0";"12";"5";"3";"0";"189.9936";"ACID";"C10H17NO5S";"CCNCC.O=S(=O)(O)c1cc(O)ccc1O"
"CHEMBL877";"TRANEXAMIC ACID";"CL 65336|CL-65336|CYKLO-F HEAVY PERIOD RELIEF|Cyklokapron|EXACYL|LB-1148|LB1148|LYSTEDA|MENSTRALITE|NSC-291305|RP-18429|TRANEXAMIC ACID|TRANS AMCHA|TRANS-AMCHA|Trans AMCHA";"Small molecule";"4";"157.21";"121";"670";"0.84";"63.32";"2";"2";"0";"2";"N";"0.62";"4.56";"10.22";"-1.55";"-1.55";"0";"MOL";"0";"11";"3";"3";"0";"157.1103";"ZWITTERION";"C8H15NO2";"NC[C@H]1CC[C@H](C(=O)O)CC1"
"CHEMBL1269025";"EDOXABAN";"DU-176|EDOXABAN|LIXIANA";"Small molecule";"4";"548.07";"6";"10";"1.29";"136.63";"8";"3";"1";"5";"N";"0.48";"10.74";"6.33";"0.90";"0.87";"2";"MOL";"0";"37";"11";"3";"2";"547.1769";"NEUTRAL";"C24H30ClN7O4S";"CN1CCc2nc(C(=O)N[C@@H]3C[C@@H](C(=O)N(C)C)CC[C@@H]3NC(=O)C(=O)Nc3ccc(Cl)cn3)sc2C1"
"CHEMBL397420";"ACENOCOUMAROL";"ACENOCOUMARIN|ACENOCOUMAROL|NICOUMALONE|SINTHROME";"Small molecule";"4";"353.33";"18";"52";"3.52";"110.65";"6";"1";"0";"5";"N";"0.43";"5.09";"None";"2.68";"0.49";"3";"MOL";"0";"26";"7";"1";"0";"353.0899";"ACID";"C19H15NO6";"CC(=O)CC(c1ccc([N+](=O)[O-])cc1)c1c(O)c2ccccc2oc1=O"
"CHEMBL1166";"ARGATROBAN";"ACOVA|ARGATROBAN|ARGATROBAN HYDRATE|ARGATROBAN IN DEXTROSE|ARGATROBAN IN SODIUM CHLORIDE|ARGATROBAN MONOHYDRATE|DK-7419|GN-1600|GN1600|MCI-9038|MD-805";"Small molecule";"4";"508.65";"30";"138";"0.91";"177.71";"6";"6";"2";"9";"N";"0.16";"3.39";"11.80";"-0.92";"-0.92";"1";"MOL";"0";"35";"11";"7";"3";"508.2468";"ZWITTERION";"C23H36N6O5S";"CC1CNc2c(cccc2S(=O)(=O)N[C@@H](CCCNC(=N)N)C(=O)N2CC[C@@H](C)C[C@@H]2C(=O)O)C1"
"CHEMBL2109162";"HEMOGLOBIN GLUTAMER";"HEMOGLOBIN GLUTAMER|HEMOGLOBIN GLUTAMER (BOVINE)";"Small molecule";"2";"";"";"";"";"";"";"";"";"";"";"";"";"";"";"";"";"NONE";"0";"";"";"";"";"";"";"";""
"CHEMBL985";"UREA";"AQUADRATE|BALNEUM PLUS|CALMURID|CARBAMIDE|E-927A|E927b|EUCERIN|FLEXIFOOT|FLEXITOL|HYDROMOL INTENSIVE|INS NO.927A|INS-927A|NSC-34375|NUTRAPLUS|SENTIAL E|ST.JAMES BALM|STERILE UREA|UREA|Urea|Ureaphil";"Small molecule";"4";"60.06";"27";"63";"-0.98";"69.11";"1";"2";"0";"0";"N";"0.37";"None";"None";"-1.36";"-1.36";"0";"MOL";"0";"4";"3";"4";"0";"60.0324";"NEUTRAL";"CH4N2O";"NC(N)=O"
"CHEMBL1200823";"IRON SUCROSE";"FERRIC HYDROXIDE SUCROSE COMPLEX|IRON OXIDE SACCHARATED|IRON SACCHARATE|IRON SUCROSE|IRON SUCROSE COMPLEX|IRON SUGAR|IRON(III) HYDROXIDE SUCROSE COMPLEX|SACCHARATED FERRIC OXIDE|SACCHARATED IRON|SACCHARATED IRON OXIDE|Venofer|XI-921";"Small molecule";"4";"398.14";"";"";"None";"None";"None";"None";"None";"None";"None";"None";"None";"None";"None";"None";"None";"NONE";"0";"None";"None";"None";"None";"398.0511";"None";"C12H22FeO11";""
"CHEMBL1237119";"TREPROSTINIL";"15-AU-81|15AU81|L-606|LRX -15|LRX-15|Remodulin|TREPROSTINIL|TRESPROSTINIL|TYVASO|UT-15";"Small molecule";"4";"390.52";"4";"17";"3.58";"86.99";"4";"3";"0";"10";"N";"0.53";"3.76";"None";"4.00";"0.72";"1";"MOL";"0";"28";"5";"3";"0";"390.2406";"ACID";"C23H34O5";"CCCCC[C@H](O)CC[C@@H]1[C@H]2Cc3cccc(OCC(=O)O)c3C[C@H]2C[C@H]1O"
"CHEMBL2338329";"ROXADUSTAT";"ASP-1517|ASP1517|FG-4592|FG4592|ROXADUSTAT";"Small molecule";"3";"352.35";"16";"52";"2.86";"108.75";"5";"3";"0";"5";"N";"0.65";"2.75";"3.84";"1.85";"-0.86";"3";"MOL";"0";"26";"7";"3";"0";"352.1059";"ACID";"C19H16N2O5";"Cc1nc(C(=O)NCC(=O)O)c(O)c2ccc(Oc3ccccc3)cc12"
"CHEMBL1200391";"TROMETHAMINE";"NSC-6365|TROMETAMOL|TROMETHAMINE|Tham";"Small molecule";"4";"121.14";"117";"553";"-2.34";"86.71";"4";"4";"0";"3";"N";"0.34";"None";"8.95";"-2.71";"-4.26";"0";"MOL";"0";"8";"4";"5";"0";"121.0739";"BASE";"C4H11NO3";"NC(CO)(CO)CO"
"CHEMBL2355915";"ETHACRIDINE LACTATE";"ACRINOL|Antidiar 200|ETHACRIDINE LACTATE|Rivanol";"Small molecule";"0";"361.40";"2";"11";"2.95";"74.16";"4";"2";"0";"2";"N";"0.54";"None";"10.26";"2.05";"0.38";"3";"MOL";"0";"19";"4";"4";"0";"253.1215";"BASE";"C18H23N3O5";"CC(O)C(=O)O.CCOc1ccc2nc3cc(N)ccc3c(N)c2c1.O"
"CHEMBL8085";"LYSINE";"LYSINE";"Small molecule";"4";"146.19";"21";"50";"-0.47";"89.34";"3";"3";"0";"5";"N";"0.46";"2.74";"10.29";"-3.21";"-4.98";"0";"MOL";"0";"10";"4";"5";"0";"146.1055";"ZWITTERION";"C6H14N2O2";"NCCCC[C@H](N)C(=O)O"
"CHEMBL2110563";"CYANOCOBALAMIN";"BEHEPAN|Berubigen|Betalin 12|CALOMIST|CYANOCOBALAMIN|CYANOVIT-B12|CYCOBEMIN|CYTACON|CYTAMEN|Cobavite|DODEX|NSC-80365|Nascobal|RUBIVITE|RUBRAMIN PC|RUVITE|Redisol|Rubramin|VI-TWEL|VIBISONE|VITAMIN B12|VITAMIN B12 NOS|Vibalt|Vitamin B 12";"Small molecule";"4";"1356.40";"3";"6";"None";"None";"None";"None";"None";"None";"None";"None";"None";"None";"None";"None";"None";"NONE";"0";"None";"None";"None";"None";"1355.5752";"None";"C63H89CoN14O14P";""
"CHEMBL932";"DIPYRIDAMOLE";"ATTIA|B01AC07|CEREBROVASE 100|CEREBROVASE 25|DIPYRIDAMOLE|IV PERSANTINE|MODAPLATE|NSC-515776|OFCRAM PR|PERSANTIN|PERSANTIN RET|PYRIDANTIN|Persantine|RA-8|VASYROL";"Small molecule";"4";"504.64";"283";"990";"-0.02";"145.44";"12";"4";"2";"12";"N";"0.31";"None";"3.54";"1.81";"1.81";"2";"MOL";"0";"36";"12";"4";"2";"504.3173";"NEUTRAL";"C24H40N8O4";"OCCN(CCO)c1nc(N2CCCCC2)c2nc(N(CCO)CCO)nc(N3CCCCC3)c2n1"
"CHEMBL1200939";"AMMONIUM CHLORIDE";"AMMONIUM CHLORIDE|CHLORAMMONIC|E510|FEMA NO. 4494|TUSSI AMMON CO";"Small molecule";"4";"53.49";"4";"28";"None";"None";"None";"None";"None";"None";"None";"None";"None";"None";"None";"None";"None";"MOL";"0";"None";"None";"None";"None";"53.0032";"None";"H4ClN";"Cl.N"
"CHEMBL266349";"MELAGATRAN";"MELAGATRAN";"Small molecule";"0";"429.52";"21";"90";"0.81";"148.61";"5";"5";"0";"9";"N";"0.29";"1.77";"11.48";"-1.29";"-1.73";"1";"MOL";"0";"31";"9";"6";"1";"429.2376";"ZWITTERION";"C22H31N5O4";"N=C(N)c1ccc(CNC(=O)[C@@H]2CCN2C(=O)[C@H](NCC(=O)O)C2CCCCC2)cc1"
"CHEMBL3707366";"ALANYL GLUTAMINE";"ALANYL GLUTAMINE|FEMA NO. 4712|L-ALANYL-L-GLUTAMINE";"Small molecule";"3";"217.22";"2";"5";"-1.83";"135.51";"4";"4";"0";"6";"N";"0.41";"3.57";"8.39";"-4.54";"-4.58";"0";"MOL";"0";"15";"7";"6";"1";"217.1063";"ACID";"C8H15N3O4";"C[C@H](N)C(=O)N[C@@H](CCC(N)=O)C(=O)O"
"CHEMBL493982";"VORAPAXAR";"SCH-530348|VORAPAXAR";"Small molecule";"4";"492.59";"35";"124";"5.63";"77.52";"5";"1";"1";"5";"N";"0.55";"None";"4.32";"5.04";"5.04";"2";"MOL";"0";"36";"6";"1";"1";"492.2424";"NEUTRAL";"C29H33FN2O4";"CCOC(=O)N[C@@H]1CC[C@@H]2[C@@H](C1)C[C@H]1C(=O)O[C@H](C)[C@H]1[C@H]2/C=C/c1ccc(-c2cccc(F)c2)cn1"
"CHEMBL3707256";"FERROUS ASPARTATE";"FERROUS ASPARTATE";"Small molecule";"0";"186.93";"";"";"None";"None";"None";"None";"None";"None";"None";"None";"None";"None";"None";"None";"None";"NONE";"0";"None";"None";"None";"None";"186.9568";"None";"C4H5FeNO4";""
"CHEMBL3707284";"FERRIC SODIUM CITRATE";"FERRIC SODIUM CITRATE";"Small molecule";"0";"761.08";"";"";"None";"None";"None";"None";"None";"None";"None";"None";"None";"None";"None";"None";"None";"NONE";"0";"None";"None";"None";"None";"760.8841";"None";"C18H15FeNa6O21";""
"CHEMBL1765292";"INDOBUFEN";"INDOBUFEN|K-2930|K-3920";"Small molecule";"3";"295.34";"4";"6";"3.43";"57.61";"2";"1";"0";"4";"N";"0.94";"3.83";"None";"3.31";"0.06";"2";"MOL";"0";"22";"4";"1";"0";"295.1208";"ACID";"C18H17NO3";"CCC(C(=O)O)c1ccc(N2Cc3ccccc3C2=O)cc1"
"CHEMBL3707337";"FERROUS IODINE";"FERROUS IODINE";"Small molecule";"0";"309.65";"";"";"None";"None";"None";"None";"None";"None";"None";"None";"None";"None";"None";"None";"None";"NONE";"1";"None";"None";"None";"None";"309.7439";"None";"FeI2";""
"CHEMBL2103737";"HYDROXOCOBALAMIN";"Alpharedisol|COBALIN-H|CYANOKIT|HEPAVIT|HYDROXOCOBALAMIN|HYDROXOCOBALAMIN ACETATE|HYDROXOCOBEMINE|HYDROXOMIN|HYDROXYCOBALAMIN|MEGAMILBEDOCE|NEO-CYTAMEN";"Small molecule";"4";"1346.38";"2";"18";"None";"None";"None";"None";"None";"None";"None";"None";"None";"None";"None";"None";"None";"NONE";"0";"None";"None";"None";"None";"1345.5671";"None";"C62H89CoN13O15P";""
"CHEMBL2051960";"CARBAZOCHROME";"CARBAZOCHROME";"Small molecule";"0";"236.23";"2";"3";"-1.29";"108.02";"5";"3";"0";"1";"N";"0.39";"11.64";"1.98";"-1.22";"-1.22";"0";"MOL";"0";"17";"7";"4";"0";"236.0909";"NEUTRAL";"C10H12N4O3";"CN1CC(O)C2=C/C(=N/NC(N)=O)C(=O)C=C21"
"CHEMBL590799";"CAMOSTAT";"CAMOSTAT|CAMOSTAT MESILATE";"Small molecule";"3";"398.42";"19";"34";"1.39";"134.81";"6";"3";"0";"7";"N";"0.28";"None";"8.54";"1.51";"0.36";"2";"MOL";"0";"29";"9";"4";"0";"398.1590";"BASE";"C20H22N4O5";"CN(C)C(=O)COC(=O)Cc1ccc(OC(=O)c2ccc(NC(=N)N)cc2)cc1"
"CHEMBL833";"TICLOPIDINE";"TICLOPIDINE|Ticlopidine";"Small molecule";"4";"263.79";"158";"2115";"3.96";"3.24";"2";"0";"0";"2";"N";"0.79";"None";"6.94";"4.20";"4.07";"2";"MOL";"0";"17";"1";"0";"0";"263.0535";"NEUTRAL";"C14H14ClNS";"Clc1ccccc1CN1CCc2sccc2C1"
"CHEMBL278519";"CLORINDIONE";"CHLOPHENADIONE|CHLORPHENINDIONE|CHLORPHENYLINDANDIONE|CLORINDIONE|G-25766";"Small molecule";"0";"256.69";"17";"25";"3.50";"34.14";"2";"0";"0";"1";"N";"0.73";"4.46";"None";"3.48";"0.74";"2";"MOL";"0";"18";"2";"0";"0";"256.0291";"ACID";"C15H9ClO2";"O=C1c2ccccc2C(=O)C1c1ccc(Cl)cc1"
"CHEMBL3707305";"FERROUS ASCORBATE";"FERROUS ASCORBATE|J290.062I";"Small molecule";"3";"406.08";"";"";"None";"None";"None";"None";"None";"None";"None";"None";"None";"None";"None";"None";"None";"NONE";"0";"None";"None";"None";"None";"405.9835";"None";"C12H14FeO12";""
"CHEMBL1355";"SODIUM CITRATE";"ANTICOAGULANT SODIUM CITRATE|CANESTEN OASIS|CYMALON|CYSTEMME|CYSTOCALM|CYSTOLEVE|E-331(III)|E331|FEMA NO. 3026|FEMA NO. 3026, ANHYDROUS-|INS NO.331(III)|INS-331(III)|Isolyte E|MICOLETTE|MICRALAX|N-1560|RELAXIT|SOD CIT|SODIUM CITRATE|SODIUM CITRATE DIHYDRATE|SODIUM CITRATE HYDRATE|URISAL";"Small molecule";"4";"258.07";"7";"9";"None";"None";"None";"None";"None";"None";"None";"None";"None";"None";"None";"None";"None";"MOL";"0";"None";"None";"None";"None";"257.9728";"None";"C6H5Na3O7";"O=C([O-])CC(O)(CC(=O)[O-])C(=O)[O-].[Na+].[Na+].[Na+]"
"CHEMBL539697";"DABIGATRAN ETEXILATE";"BIBR 1048|BIBR 1048 BS RS1|BIBR-1048|BIBR-1048-BS-RS1|DABIGATRAN ETEXILATE|DABIGATRAN ETEXILATE METHANESULFONATE|Pradaxa";"Small molecule";"4";"627.75";"12";"49";"5.60";"154.03";"9";"2";"2";"15";"N";"0.07";"None";"4.48";"4.59";"4.59";"4";"MOL";"0";"46";"12";"3";"3";"627.3169";"NEUTRAL";"C34H41N7O5";"CCCCCCOC(=O)/N=C(\N)c1ccc(NCc2nc3cc(C(=O)N(CCC(=O)OCC)c4ccccn4)ccc3n2C)cc1"
"CHEMBL2105401";"TIOCLOMAROL";"TIOCLOMAROL";"Small molecule";"0";"447.34";"";"";"6.12";"70.67";"5";"2";"1";"5";"N";"0.36";"4.83";"None";"5.37";"2.99";"4";"MOL";"0";"29";"4";"2";"1";"446.0146";"ACID";"C22H16Cl2O4S";"O=c1oc2ccccc2c(O)c1C(CC(O)c1ccc(Cl)cc1)c1ccc(Cl)s1"
"CHEMBL198362";"RIVAROXABAN";"BAY 59-7939|BAY-59-7939|JNJ-39039039|JNJ39039039|RIVAROXABAN|Xarelto";"Small molecule";"4";"435.89";"23";"146";"2.52";"88.18";"6";"1";"0";"5";"N";"0.78";"13.60";"None";"1.90";"1.90";"2";"MOL";"0";"29";"8";"1";"0";"435.0656";"NEUTRAL";"C19H18ClN3O5S";"O=C(NC[C@H]1CN(c2ccc(N3CCOCC3=O)cc2)C(=O)O1)c1ccc(Cl)s1"
"CHEMBL2104306";"DITAZOLE";"DITAZOLE|S-222";"Small molecule";"0";"324.38";"";"";"2.80";"69.73";"5";"2";"0";"7";"N";"0.70";"None";"None";"2.93";"2.93";"3";"MOL";"0";"24";"5";"2";"0";"324.1474";"NEUTRAL";"C19H20N2O3";"OCCN(CCO)c1nc(-c2ccccc2)c(-c2ccccc2)o1"
"CHEMBL1354";"SODIUM ACETATE";"E-262(I)|E262|FEMA NO. 3024|INS NO.262(I)|INS-262(I)|NSC-77459|SODIUM ACETATE|SODIUM ACETATE ANHYDROUS|SODIUM ACETATE HYDRATE|SODIUM ACETATE TRIHYDRATE|Sodium Acetate|Sodium acetate, anhydrous";"Small molecule";"4";"82.03";"10";"34";"None";"None";"None";"None";"None";"None";"None";"None";"None";"None";"None";"None";"None";"MOL";"0";"None";"None";"None";"None";"82.0031";"None";"C2H3NaO2";"CC(=O)[O-].[Na+]"
"CHEMBL2359370";"MECOBALAMIN";"ASIMIL B-12|B-MAX|MECOBALAMIN";"Small molecule";"4";"1344.40";"2";"5";"None";"None";"None";"None";"None";"None";"None";"None";"None";"None";"None";"None";"None";"NONE";"0";"None";"None";"None";"None";"1343.5878";"None";"C63H91CoN13O14P";""
"CHEMBL398435";"TICAGRELOR";"AR-C126532XX|AZD-6140|AZD6140|BRILINTA|BRILIQUE|TICAGRELOR";"Small molecule";"4";"522.58";"12";"50";"2.01";"138.44";"11";"4";"2";"10";"N";"0.23";"12.94";"1.06";"2.28";"2.28";"3";"MOL";"0";"36";"10";"4";"1";"522.1861";"NEUTRAL";"C23H28F2N6O4S";"CCCSc1nc(N[C@@H]2C[C@H]2c2ccc(F)c(F)c2)c2nnn([C@@H]3C[C@H](OCCO)[C@@H](O)[C@H]3O)c2n1"
"CHEMBL512351";"BETRIXABAN";"BETRIXABAN|BEVYXXA|PRT-054021|PRT054021";"Small molecule";"4";"451.91";"18";"76";"4.14";"107.41";"5";"3";"0";"6";"N";"0.39";"13.86";"11.06";"3.44";"1.05";"3";"MOL";"0";"32";"8";"3";"0";"451.1411";"BASE";"C23H22ClN5O3";"COc1ccc(NC(=O)c2ccc(C(=N)N(C)C)cc2)c(C(=O)Nc2ccc(Cl)cn2)c1"
"CHEMBL461101";"ELTROMBOPAG";"ELTROMBOPAG|REVOLADE|SB497115";"Small molecule";"4";"442.48";"25";"81";"4.56";"114.59";"6";"3";"0";"5";"N";"0.40";"3.97";"None";"6.03";"1.28";"3";"MOL";"0";"33";"8";"3";"0";"442.1641";"ACID";"C25H22N4O4";"CC1=NN(c2ccc(C)c(C)c2)C(=O)/C1=N\Nc1cccc(-c2cccc(C(=O)O)c2)c1O"
"CHEMBL1200574";"SODIUM CHLORIDE";"10% SODIUM CHLORIDE INJECTION|AQSIA (BALANCED SALT SOLN)|ASKINA|ASKINA JET|B1655|BALANCED SALT|BRONCHO SALINE|BSS (BALANCED SALT SOLN)|FLOWFUSOR|FRESENIUS|HYPROMELLOSE IN RINGERS SOLN|IOCARE (BALANCED SALT SOLN)|IRRICLENS|ISOT SALINE|ISOTONIC|LABMIST|LOCKES|LS-1700|MACOPERF|MINIVERSOL|MURO 128|NINE LIVES|NORMASOL|NSC-77364|OFT CUSI ANTIEDEMA|OPTIFLO S|PHYSIOMER|RINGER'S|RINGER-LOCKE|RNS-60 COMPONENT SALINE|RNS60 COMPONENT SALINE|S-CHLOR SF|SALEX|SALINE|SALINE SOLUTION|SALINE STERIPOULE|SALINEX|SEA WATER|SLOW SOD|SODICLOR|SODIUM CHLORIDE|SODIUM CHLORIDE 14.6%|SODIUM CHLORIDE 23.4%|SODIUM CHLORIDE SOLUTION|SODIUM CHLORIDE, HYPERTONIC|STERAC|STERI-WASH|STERIJET|SYRISAL|Sodium Chloride, Hypertonic|TOPICLENS|TUBILUX|Table Salt|URIFLEX-S|URIFLEX-SP|UROCLENS|VITACLEAN";"Small molecule";"4";"58.44";"15";"136";"None";"None";"None";"None";"None";"None";"None";"None";"None";"None";"None";"None";"None";"MOL";"1";"None";"None";"None";"None";"57.9586";"None";"ClNa";"[Cl-].[Na+]"
"CHEMBL4298110";"FERRIC MALTOL";"Accrufer|FERRIC MALTOL|Feraccru|ST-10|ST10|ST10-021";"Small molecule";"4";"431.15";"";"";"None";"None";"None";"None";"None";"None";"None";"None";"None";"None";"None";"None";"None";"NONE";"0";"None";"None";"None";"None";"431.0065";"None";"C18H15FeO9";""
"CHEMBL2108963";"HEMOGLOBIN RAFFIMER";"HEMOGLOBIN RAFFIMER|Hemolink";"Small molecule";"2";"";"";"";"";"";"";"";"";"";"";"";"";"";"";"";"";"NONE";"0";"";"";"";"";"";"";"";""
"CHEMBL522038";"XIMELAGATRAN";"EXANTA|Exanta (proposed)|H 376/95|XIMELAGATRAN";"Small molecule";"4";"473.57";"9";"39";"1.10";"146.35";"7";"4";"0";"10";"N";"0.13";"8.69";"14.99";"0.87";"0.84";"1";"MOL";"0";"34";"10";"5";"0";"473.2638";"BASE";"C24H35N5O5";"CCOC(=O)CN[C@@H](C(=O)N1CC[C@H]1C(=O)NCc1ccc(/C(N)=N\O)cc1)C1CCCCC1"
"CHEMBL2103883";"AVATROMBOPAG";"AVATROMBOPAG|E-5501|E5501|YM-301477|YM-477";"Small molecule";"4";"649.67";"4";"7";"6.58";"101.90";"9";"2";"2";"7";"N";"0.30";"3.50";"8.40";"4.17";"4.14";"3";"MOL";"0";"42";"9";"2";"2";"648.1511";"ACID";"C29H34Cl2N6O3S2";"O=C(Nc1nc(-c2cc(Cl)cs2)c(N2CCN(C3CCCCC3)CC2)s1)c1cnc(N2CCC(C(=O)O)CC2)c(Cl)c1"
"CHEMBL1257015";"PICOTAMIDE";"PICOTAMIDE|Picotamide";"Small molecule";"4";"376.42";"22";"31";"2.35";"93.21";"5";"2";"0";"7";"N";"0.66";"13.44";"5.12";"0.98";"0.98";"3";"MOL";"0";"28";"7";"2";"0";"376.1535";"NEUTRAL";"C21H20N4O3";"COc1ccc(C(=O)NCc2cccnc2)cc1C(=O)NCc1cccnc1"
"CHEMBL1200668";"CALCIUM CHLORIDE";"CALCIUM CHLORIDE|CALCIUM CHLORIDE DIHYDRATE|CALCIUM CHLORIDE HYDRATE|Cal Plus|Calcium Chloride Dihydrate|E-509|E509|INS NO.509|INS-509";"Small molecule";"4";"110.98";"4";"48";"None";"None";"None";"None";"None";"None";"None";"None";"None";"None";"None";"None";"None";"MOL";"1";"None";"None";"None";"None";"109.9003";"None";"CaCl2";"[Ca+2].[Cl-].[Cl-]"
"CHEMBL24924";"FLUINDIONE";"FLUINDIONE|PREVISCAN";"Small molecule";"4";"240.23";"6";"23";"2.99";"34.14";"2";"0";"0";"1";"Y";"0.72";"4.25";"None";"3.02";"0.15";"2";"MOL";"0";"18";"2";"0";"0";"240.0587";"ACID";"C15H9FO2";"O=C1c2ccccc2C(=O)C1c1ccc(F)cc1"
"CHEMBL3989857";"MAGNESIUM SULFATE";"EPSOM SALT|Epsom Salt|MAG SULF|MAGNESIUM SULFATE|MAGNESIUM SULPHATE|ORIGINAL ANDREWS SALTS";"Small molecule";"4";"246.47";"";"";"None";"None";"None";"None";"None";"None";"None";"None";"None";"None";"None";"None";"None";"MOL";"1";"None";"None";"None";"None";"119.9368";"None";"H14MgO11S";"O.O.O.O.O.O.O.O=S(=O)([O-])[O-].[Mg+2]"
"CHEMBL1200731";"POTASSIUM CHLORIDE";"B1653|DIFFU-K|DURO-K|E 508|E-508|E508|INS NO.508|INS-508|K+10|K-CONTIN|K-DUR 20|K-LEASE|K-TAB|K-dur|KALEORID|KALEORID LP|KAON CL-10|KAY-CEE-L|KLOR-CON M10|KLOR-CON M15|KLOR-CON M20|KLOREF|KLOREF-S|Kaon Cl|Kaon-Cl|Kato|Klor-Con 10|Klor-Con 10MEQ|Klor-Con 8|Klor-con|Klotrix|LEO K|MICRO K|MICRO-K 10|MICRO-K LS|Micro-k|NSC-77368|NU-K|POT CHLOR (POT 12MMOL)|POT CHLOR STRONG|POTASSIUM CHLORIDE|SANDO-K|SLOW-K|TEN-K";"Small molecule";"4";"74.55";"32";"53";"None";"None";"None";"None";"None";"None";"None";"None";"None";"None";"None";"None";"None";"MOL";"1";"None";"None";"None";"None";"73.9326";"None";"ClK";"[Cl-].[K+]"
"CHEMBL799";"CILOSTAZOL";"CILOSTAZOL|OPC-13013|OPC-21|Pletal";"Small molecule";"4";"369.47";"147";"600";"3.46";"81.93";"6";"1";"0";"7";"N";"0.76";"None";"None";"3.31";"3.31";"2";"MOL";"0";"27";"7";"1";"0";"369.2165";"NEUTRAL";"C20H27N5O2";"O=C1CCc2cc(OCCCCc3nnnn3C3CCCCC3)ccc2N1"
"CHEMBL1353";"SODIUM BICARBONATE";"B1654|Baking Soda|E-500(II)|E500|INS NO.500(II)|INS-500(II)|Monosodium Carbonate|NSC-134031|NURSE HARVEYS|Neut|S-BICARB|S-BICARB SF|SODIBIC|SODIUM BICARBONATE|Soda Mint|Sodium Bicarbonate|THAMICARB";"Small molecule";"4";"84.01";"21";"164";"None";"None";"None";"None";"None";"None";"None";"None";"None";"None";"None";"None";"None";"MOL";"0";"None";"None";"None";"None";"83.9823";"None";"CHNaO3";"O=C([O-])O.[Na+]"
"CHEMBL334966";"CANGRELOR";"AR-C69931XX|CANGRELOR|Cangrelor";"Small molecule";"4";"776.37";"5";"8";"2.85";"255.91";"15";"7";"3";"15";"N";"0.05";"0.79";"4.94";"-0.60";"-5.25";"2";"MOL";"0";"44";"17";"7";"3";"774.9483";"ACID";"C17H25Cl2F3N5O12P3S2";"CSCCNc1nc(SCCC(F)(F)F)nc2c1ncn2[C@@H]1O[C@H](COP(=O)(O)OP(=O)(O)C(Cl)(Cl)P(=O)(O)O)[C@@H](O)[C@H]1O"
"CHEMBL3989480";"MAGNESIUM CITRATE";"CITRAMAG|MAG CIT|MAG DIASPORAL 300|MAGCIT|MAGNESIUM CITRATE|NSC-83517";"Small molecule";"4";"451.11";"";"";"None";"None";"None";"None";"None";"None";"None";"None";"None";"None";"None";"None";"None";"MOL";"0";"None";"None";"None";"None";"449.9622";"None";"C12H10Mg3O14";"O=C([O-])CC(O)(CC(=O)[O-])C(=O)[O-].O=C([O-])CC(O)(CC(=O)[O-])C(=O)[O-].[Mg+2].[Mg+2].[Mg+2]"
"CHEMBL255066";"CLORICROMEN";"CLORICROMEN";"Small molecule";"0";"395.88";"4";"5";"3.58";"68.98";"6";"0";"0";"9";"N";"0.48";"None";"9.10";"3.34";"1.63";"2";"MOL";"0";"27";"6";"0";"0";"395.1500";"BASE";"C20H26ClNO5";"CCOC(=O)COc1ccc2c(C)c(CCN(CC)CC)c(=O)oc2c1Cl"
"CHEMBL1200929";"ZINC SULFATE";"NSC-135806|NSC-32677|PENNINE|SOOTHEYE|White Vitriol|Z Span|ZINC SULFATE|ZINC SULFATE MONOHYDRATE|ZINCFRIN|ZINCOMED|ZINCOSOL|ZINDOLE|ZING|ZN SULF CO|Zinc sulfate";"Small molecule";"4";"161.45";"3";"3";"None";"None";"None";"None";"None";"None";"None";"None";"None";"None";"None";"None";"None";"MOL";"1";"None";"None";"None";"None";"159.8809";"None";"O4SZn";"O=S(=O)([O-])[O-].[Zn+2]"
"CHEMBL1332032";"TRIFLUSAL";"TRIFLUSAL";"Small molecule";"3";"248.16";"14";"18";"2.33";"63.60";"3";"1";"0";"2";"N";"0.64";"3.39";"None";"2.12";"-1.29";"1";"MOL";"0";"17";"4";"1";"0";"248.0296";"ACID";"C10H7F3O4";"CC(=O)Oc1cc(C(F)(F)F)ccc1C(=O)O"
"CHEMBL1046";"AMINOCAPROIC ACID";".EPSILON.-AMINOCAPROIC ACID|177 J.D|177 J.D.|177 JD|177-JD|AMINOCAPROIC|AMINOCAPROIC ACID|Amicar|CL 10304|CL-10304|CY-116|EACA|EPSIKAPRON|EPSILON-AMINOCAPROIC ACID|NSC-26154|NSC-400230";"Small molecule";"4";"131.18";"154";"861";"0.59";"63.32";"2";"2";"0";"5";"N";"0.54";"4.73";"10.21";"-2.00";"-2.00";"0";"MOL";"0";"9";"3";"3";"0";"131.0946";"ZWITTERION";"C6H13NO2";"NCCCCCC(=O)O"
"CHEMBL1200459";"POTASSIUM PHOSPHATE, DIBASIC";"DIBASIC POTASSIUM PHOSPHATE|E-340(II)|INS NO.340(II)|INS-340(II)|Isolyte|Neutra-Phos|POTASSIUM PHOSPHATE DIBASIC|POTASSIUM PHOSPHATE, DIBASIC";"Small molecule";"4";"174.17";"1";"4";"None";"None";"None";"None";"None";"None";"None";"None";"None";"None";"None";"None";"None";"MOL";"1";"None";"None";"None";"None";"173.8887";"None";"HK2O4P";"O=P([O-])([O-])O.[K+].[K+]"
"CHEMBL679";"EPINEPHRINE";"ADREN CO|ADRENACLICK|ADRENALINE|ANA-GUARD|ANAPEN|ANAPHYLACTIC SHOCK DRUG KIT|ASMA-VYDRIN|ASTHMAHALER|AUVI-Q|Adrenalin|Ana-Kit|BRONKAID MIST|BROVON|EMERADE|EPI E Z PEN JR|EPINEPHRINE|EPINEPHRINE (COPACKAGED)|EPINEPHRINE HYDROCHLORIDE|EPIPEN E Z PEN|EPIPEN JR|EPIPEN JR.|EPPY|Epinephrine|Epipen|GPPE INH SOLN|JEXT|LEVO-METHYLAMINOETHANOLCATECHOL|MEDIHALER-EPI|NSC-62786|PRIMATENE|PRIMATENE MIST|RIDDOBRON|RIDDOFAN|RYBARVIN|SIMPLENE|SOLN MADE TO RYBARVIN FOR|SUS-PHRINE SULFITE FREE|SYMJEPI|Sus-Phrine|Sus-phrine sulfite-free|TWINJECT 0.15|TWINJECT 0.3|Twinject";"Small molecule";"4";"183.21";"173";"1029";"0.35";"72.72";"4";"4";"0";"3";"N";"0.51";"9.69";"8.91";"-0.43";"-1.63";"1";"MOL";"0";"13";"4";"4";"0";"183.0895";"BASE";"C9H13NO3";"CNC[C@H](O)c1ccc(O)c(O)c1"
"CHEMBL1465";"PHENPROCOUMON";"BS-7565|Liquamar|MARCOUMAR|PHENPROCOUMON|PHENPROCUMONE|RO-1-4849";"Small molecule";"4";"280.32";"13";"40";"4.04";"50.44";"3";"1";"0";"3";"N";"0.74";"5.67";"None";"3.74";"2.03";"3";"MOL";"0";"21";"3";"1";"0";"280.1099";"ACID";"C18H16O3";"CCC(c1ccccc1)c1c(O)c2ccccc2oc1=O"
"CHEMBL3185229";"MAGNESIUM CHLORIDE";"E-511|INS NO.511|INS-511|MAGNESIUM CHLORIDE|MAGNESIUM CHLORIDE HEXAHYDRATE|Magnogene|NSC-529832";"Small molecule";"4";"203.30";"";"";"None";"None";"None";"None";"None";"None";"None";"None";"None";"None";"None";"None";"None";"MOL";"1";"None";"None";"None";"None";"93.9227";"None";"H12Cl2MgO6";"O.O.O.O.O.O.[Cl-].[Cl-].[Mg+2]"
"CHEMBL3833325";"CARBASPIRIN CALCIUM";"CARBASALATE CALCIUM|CARBASPIRIN CALCIUM";"Small molecule";"0";"458.44";"";"";"None";"None";"None";"None";"None";"None";"None";"None";"None";"None";"None";"None";"None";"MOL";"0";"None";"None";"None";"None";"420.1169";"None";"C19H18CaN2O9";"CC(=O)Oc1ccccc1C(=O)[O-].CC(=O)Oc1ccccc1C(=O)[O-].NC(N)=O.[Ca+2]"
"CHEMBL2106261";"ETHYL BISCOUMACETATE";"ETHYL BISCOUMACETATE|ETHYL BISCUMACETATE|ETHYLDICOUMAROL";"Small molecule";"0";"408.36";"1";"6";"3.01";"127.18";"8";"2";"0";"4";"N";"0.39";"4.82";"None";"1.67";"-2.55";"4";"MOL";"0";"30";"8";"2";"0";"408.0845";"ACID";"C22H16O8";"CCOC(=O)C(c1c(O)c2ccccc2oc1=O)c1c(O)c2ccccc2oc1=O"
"CHEMBL1466";"DICUMAROL";"BISHYDROXYCOUMARIN|DICOUMAROL|DICUMAROL";"Small molecule";"4";"336.30";"143";"841";"2.90";"100.88";"6";"2";"0";"2";"N";"0.55";"4.85";"None";"1.94";"-2.22";"4";"MOL";"0";"25";"6";"2";"0";"336.0634";"ACID";"C19H12O6";"O=c1oc2ccccc2c(O)c1Cc1c(O)c2ccccc2oc1=O"
"CHEMBL1771";"CLOPIDOGREL";"CLOPIDOGREL|Clopidogrel|GREPID|ISCOVER|PLAVIX|R 130964|R-130964|SR 25990|SR-25990";"Small molecule";"4";"321.83";"140";"697";"3.67";"29.54";"4";"0";"0";"3";"N";"0.81";"None";"4.77";"4.03";"4.03";"2";"MOL";"0";"21";"3";"0";"0";"321.0590";"NEUTRAL";"C16H16ClNO2S";"COC(=O)[C@H](c1ccccc1Cl)N1CCc2sccc2C1"
"CHEMBL1139";"EPOPROSTENOL";"ACT-385781A|EPOPROSTENOL|Epoprostenol|Flolan|PG-I2|PGI2|PGX|PROSTACYCLIN|PROSTAGLANDIN I2|PROSTAGLANDIN X|U-53,217|U-53217";"Small molecule";"4";"352.47";"10";"51";"3.41";"86.99";"4";"3";"0";"10";"N";"0.41";"4.43";"None";"2.42";"-0.45";"0";"MOL";"0";"25";"5";"3";"0";"352.2250";"ACID";"C20H32O5";"CCCCC[C@H](O)/C=C/[C@H]1[C@H](O)C[C@@H]2O/C(=C\CCCC(=O)O)C[C@@H]21"
"CHEMBL2103830";"FOSTAMATINIB";"FOSTAMATINIB|Fostamatinib|R-788|R-788 FREE ACID|R-935788|R-935788 FREE ACID|R788 FREE ACID|R935788 FREE ACID";"Small molecule";"4";"580.47";"304";"315";"3.09";"186.72";"12";"4";"2";"10";"N";"0.26";"1.44";"2.71";"1.46";"-0.52";"3";"MOL";"0";"40";"15";"4";"2";"580.1483";"ACID";"C23H26FN6O9P";"COc1cc(Nc2ncc(F)c(Nc3ccc4c(n3)N(COP(=O)(O)O)C(=O)C(C)(C)O4)n2)cc(OC)c1OC"
"CHEMBL1622";"FOLIC ACID";"B03BB01|BIO SCIENCE|FOLACIN|FOLIC ACID|FOLICARE|FOLSAN|Folic Acid|Folicet|Folvite|LEXPEC|NATUR FLOW|NSC-3073|PRECONCEIVE|PTEROYLGLUTAMIC ACID|ROCHE|Vitamin Bc|Vitamin M";"Small molecule";"4";"441.40";"71";"149";"-0.04";"213.28";"9";"6";"1";"9";"N";"0.26";"3.32";"2.09";"-0.69";"-6.93";"3";"MOL";"0";"32";"13";"7";"2";"441.1397";"ACID";"C19H19N7O6";"Nc1nc(=O)c2nc(CNc3ccc(C(=O)N[C@@H](CCC(=O)O)C(=O)O)cc3)cnc2[nH]1"
"CHEMBL1609";"MANDELIC ACID";"MANDELIC ACID|Mandelic Acid";"Small molecule";"4";"152.15";"19";"26";"0.80";"57.53";"2";"2";"0";"2";"Y";"0.66";"3.75";"None";"0.90";"-2.39";"1";"MOL";"0";"11";"3";"2";"0";"152.0473";"ACID";"C8H8O3";"O=C(O)C(O)c1ccccc1"
"CHEMBL3707208";"FERROUS GLYCINE SULFATE";"FE-CAP|FERROCONTIN CONTINUS|FERROUS GLYCINE SULFATE|FERROUS GLYCINE SULPHATE|KELFERON|PLESMET";"Small molecule";"4";"302.04";"";"";"None";"None";"None";"None";"None";"None";"None";"None";"None";"None";"None";"None";"None";"NONE";"0";"None";"None";"None";"None";"301.9507";"None";"C4H10FeN2O8S";""
"CHEMBL790";"CHLORHEXIDINE";"Avagard|CHLORHEXIDINE|Chlorhexidine|Exidine|Hibistat";"Small molecule";"4";"505.46";"114";"420";"4.18";"167.58";"4";"10";"2";"9";"N";"0.14";"None";"10.45";"4.51";"-1.30";"2";"MOL";"0";"34";"10";"10";"2";"504.2032";"BASE";"C22H30Cl2N10";"N=C(NCCCCCCNC(=N)NC(=N)Nc1ccc(Cl)cc1)NC(=N)Nc1ccc(Cl)cc1"
"CHEMBL1200640";"FERROUS FUMARATE";"FERROUS FUMARATE|FERSADAY|FERSAMAL|Feostat|GALFER|METERFER|Toleron";"Small molecule";"4";"169.90";"";"";"None";"None";"None";"None";"None";"None";"None";"None";"None";"None";"None";"None";"None";"NONE";"0";"None";"None";"None";"None";"169.9302";"None";"C4H2FeO4";""
"CHEMBL1207745";"BERAPROST";"BERAPROST|MDL-201229|ML-1229|TRK-100STP FREE ACID";"Small molecule";"3";"398.50";"3";"22";"3.29";"86.99";"4";"3";"0";"8";"N";"0.46";"4.20";"None";"3.60";"0.56";"1";"MOL";"0";"29";"5";"3";"0";"398.2093";"ACID";"C24H30O5";"CC#CCC(C)[C@H](O)/C=C/[C@@H]1[C@H]2c3cccc(CCCC(=O)O)c3O[C@H]2C[C@H]1O"
"CHEMBL869";"NITROFURAZONE";"Actin-N|FURACILIN|FURACINE|Furacin|Furazone|NITROFURAL|NITROFURAZONE|NSC-1602|NSC-2100|Nitrofural|Nitrofurazone";"Small molecule";"4";"198.14";"63";"1640";"0.19";"123.76";"5";"2";"0";"3";"N";"0.41";"11.79";"None";"-0.14";"-0.14";"1";"MOL";"0";"14";"8";"3";"0";"198.0389";"NEUTRAL";"C6H6N4O4";"NC(=O)N/N=C/c1ccc([N+](=O)[O-])o1"
"CHEMBL1200830";"FERROUS SULFATE";"FEOSPAN|FERR SULF, DRIED|FERROGRAD|FERROUS SULFATE|FERROUS SULFATE HEPTAHYDRATE|FERROUS SULFATE HYDRATE|Feosol|Fer-In-Sol|Fero-Gradumet|Mol-Iron|Monsels Solution|NSC-146177|NSC-57631|Natabec|Slow-Fe";"Small molecule";"4";"151.91";"8";"10";"None";"None";"None";"None";"None";"None";"None";"None";"None";"None";"None";"None";"None";"NONE";"1";"None";"None";"None";"None";"151.8867";"None";"FeO4S";""
"CHEMBL1200381";"ARGININE HYDROCHLORIDE";"ARGININE HYDROCHLORIDE|L-ARGININE HYDROCHLORIDE|NSC-203450|NSC-7914|R-gene 10";"Small molecule";"4";"210.66";"";"";"None";"None";"None";"None";"None";"None";"None";"None";"None";"None";"None";"None";"None";"MOL";"0";"None";"None";"None";"None";"210.0884";"None";"C6H15ClN4O2";"Cl.N=C(N)NCCC[C@H](N)C(=O)O"
"CHEMBL1464";"WARFARIN";"NSC-59813|WARFARIN|Warfarin";"Small molecule";"4";"308.33";"165";"1075";"3.61";"67.51";"4";"1";"0";"4";"N";"0.75";"5.56";"None";"2.74";"0.94";"3";"MOL";"0";"23";"4";"1";"0";"308.1049";"ACID";"C19H16O4";"CC(=O)CC(c1ccccc1)c1c(O)c2ccccc2oc1=O"
"CHEMBL590";"MENADIONE";"Kappaxin|Kayquinone|MENADIONE|MENAPHTHENE|MENAPHTHONE|Menadione|NSC-4170|Vitamin K 3";"Small molecule";"4";"172.18";"191";"494";"2.01";"34.14";"2";"0";"0";"0";"Y";"0.60";"None";"None";"1.89";"1.89";"1";"MOL";"0";"13";"2";"0";"0";"172.0524";"NEUTRAL";"C11H8O2";"CC1=CC(=O)c2ccccc2C1=O"
"CHEMBL3707232";"FERROUS SUCCINATE";"CEREVON|FERROMYN|FERROUS SUCCINATE";"Small molecule";"4";"171.92";"";"";"None";"None";"None";"None";"None";"None";"None";"None";"None";"None";"None";"None";"None";"NONE";"0";"None";"None";"None";"None";"171.9459";"None";"C4H4FeO4";""
"CHEMBL3707386";"FERROUS TARTRATE";"FERROUS TARTRATE";"Small molecule";"0";"203.91";"";"";"None";"None";"None";"None";"None";"None";"None";"None";"None";"None";"None";"None";"None";"NONE";"0";"None";"None";"None";"None";"203.9357";"None";"C4H4FeO6";""
"CHEMBL689";"MANNITOL";"ARIDOL KIT|Alexitol sodium|BRONCHITOL|D-MANNITOL|Diosmol|E-421|E421|INS NO.421|INS-421|ISOMALT IMPURITY, MANNITOL-|MANNA SUGAR|MANNITE|MANNITOL|Mannite|Mannitol|NSC-407017|Osmitrol|Resectisol";"Small molecule";"4";"182.17";"149";"664";"-3.59";"121.38";"6";"6";"1";"5";"N";"0.26";"12.59";"None";"-3.73";"-3.73";"0";"MOL";"0";"12";"6";"6";"1";"182.0790";"NEUTRAL";"C6H14O6";"OC[C@@H](O)[C@@H](O)[C@H](O)[C@H](O)CO"
"CHEMBL1222250";"DEXTROSE";"CAPD|CLINTEC|DEXTRO ENERGY|DEXTROGEL|DEXTROSE|Dextrose|GAMBROSOL|GLUCOSE|GLUCOSE INJECTION|GLUCOSE, LIQUID|GSF-SYRUP|Glucose|Glucose-40|Insta-Glucose|RAPILOSE|YOURGLUCO";"Small molecule";"4";"180.16";"28";"75";"-3.22";"110.38";"6";"5";"0";"1";"N";"0.29";"11.30";"None";"-2.93";"-2.93";"0";"MOL";"0";"12";"6";"5";"0";"180.0634";"NEUTRAL";"C6H12O6";"OC[C@H]1OC(O)[C@H](O)[C@@H](O)[C@@H]1O"
"CHEMBL1682";"SORBITOL";"7B5697N|D-SORBITOL|E 420|E420|FEMA NO. 3029|ISOMALT IMPURITY, SORBITOL-|NSC-25944|SORBITOL|Sorbitol";"Small molecule";"4";"182.17";"11";"20";"-3.59";"121.38";"6";"6";"1";"5";"N";"0.26";"12.59";"None";"-3.73";"-3.73";"0";"MOL";"0";"12";"6";"6";"1";"182.0790";"NEUTRAL";"C6H14O6";"OC[C@H](O)[C@@H](O)[C@H](O)[C@H](O)CO"
"CHEMBL1550";"PHYTONADIONE";"Aquamephyton|KANAVIT|KONAKION MM|KONAKION MM PAED|Konakion|MEPHYTON|NEOKAY|NSC-270681|ORAKAY|PHYLLOQUINONE E-FORM|PHYTOMENADIONE|PHYTONADIONE|Phylloquinone|Phytomenadione|Phytonadione|VITAMIN K1|Vitamin K 1|Vitamin K1";"Small molecule";"4";"450.71";"15";"56";"9.16";"34.14";"2";"0";"1";"14";"N";"0.26";"None";"None";"9.70";"9.70";"1";"MOL";"0";"33";"2";"0";"1";"450.3498";"NEUTRAL";"C31H46O2";"CC1=C(C/C=C(\C)CCC[C@H](C)CCC[C@H](C)CCCC(C)C)C(=O)c2ccccc2C1=O"
"CHEMBL1191";"SULFAMETHIZOLE";"MICROSUL|Methazol|PROKLAR|SULFAMETHIZOLE|SULPHAMETHIZOLE|Sulfamethizole|Sulphamethylthiadiazole|Tetracid|Thiosulfil|UROLUCOSIL";"Small molecule";"4";"270.34";"131";"366";"1.23";"97.97";"6";"2";"0";"3";"N";"0.82";"6.71";"1.95";"0.21";"-0.36";"2";"MOL";"0";"17";"6";"3";"0";"270.0245";"NEUTRAL";"C9H10N4O2S2";"Cc1nnc(NS(=O)(=O)c2ccc(N)cc2)s1"
"CHEMBL773";"GLYCINE";"AMINOACETIC ACID|FEMA NO. 3287|GLYCINE|GLYCOCOLL|Glycine|Glycolixir|NSC-25936";"Small molecule";"4";"75.07";"137";"578";"-0.97";"63.32";"2";"2";"0";"1";"N";"0.42";"2.31";"9.24";"-3.41";"-3.42";"0";"MOL";"0";"5";"3";"3";"0";"75.0320";"ZWITTERION";"C2H5NO2";"NCC(=O)O"
